{
    "timestamp": "2025-11-11T17:37:25.494457",
    "data_backup": "20251111_173723",
    "cpu": {
        "uso_percent": 8.7,
        "nucleos": 8,
        "frequencia_mhz": 1803.0
    },
    "memoria": {
        "total_gb": 7.84,
        "usado_gb": 6.96,
        "disponivel_gb": 0.88,
        "percent_usado": 88.8
    },
    "disco": {
        "total_gb": 237.29,
        "usado_gb": 208.7,
        "livre_gb": 28.58,
        "percent_usado": 88.0
    },
    "rede": {
        "ip_local": "192.168.1.213",
        "bytes_enviados": 136434852,
        "bytes_recebidos": 1185815891,
        "pacotes_enviados": 439265,
        "pacotes_recebidos": 627658
    },
    "sistema": {
        "boot_time": "2025-11-11T11:24:49.081257",
        "uptime_horas": 6.21,
        "nome_so": "nt"
    },
    "processos_top10": [
        {
            "pid": 0,
            "nome": "System Idle Process",
            "cpu_percent": 564.7,
            "memory_percent": 9.736520031429486e-05
        },
        {
            "pid": 20284,
            "nome": "comet.exe",
            "cpu_percent": 30.5,
            "memory_percent": 6.576337724828418
        },
        {
            "pid": 4,
            "nome": "System",
            "cpu_percent": 26.9,
            "memory_percent": 0.0047222122152433006
        },
        {
            "pid": 15024,
            "nome": "comet.exe",
            "cpu_percent": 21.8,
            "memory_percent": 0.8908915828757981
        },
        {
            "pid": 13812,
            "nome": "dwm.exe",
            "cpu_percent": 18.6,
            "memory_percent": 0.5995749035354278
        },
        {
            "pid": 18976,
            "nome": "msedge.exe",
            "cpu_percent": 13.3,
            "memory_percent": 1.8535413183832314
        },
        {
            "pid": 19492,
            "nome": "Code.exe",
            "cpu_percent": 11.4,
            "memory_percent": 4.4647299430121485
        },
        {
            "pid": 8264,
            "nome": "comet.exe",
            "cpu_percent": 9.7,
            "memory_percent": 1.0524204501972132
        },
        {
            "pid": 7880,
            "nome": "brave.exe",
            "cpu_percent": 8.3,
            "memory_percent": 2.1876986858618914
        },
        {
            "pid": 17152,
            "nome": "Copilot.exe",
            "cpu_percent": 7.6,
            "memory_percent": 0.23435803715650774
        }
    ]
}