{
    "timestamp": "2025-11-11T19:46:07.693271",
    "data_backup": "20251111_194605",
    "cpu": {
        "uso_percent": 58.2,
        "nucleos": 8,
        "frequencia_mhz": 1803.0
    },
    "memoria": {
        "total_gb": 7.84,
        "usado_gb": 6.92,
        "disponivel_gb": 0.91,
        "percent_usado": 88.3
    },
    "disco": {
        "total_gb": 237.29,
        "usado_gb": 205.32,
        "livre_gb": 31.97,
        "percent_usado": 86.5
    },
    "rede": {
        "ip_local": "192.168.1.213",
        "bytes_enviados": 225532487,
        "bytes_recebidos": 1437868462,
        "pacotes_enviados": 636276,
        "pacotes_recebidos": 955821
    },
    "sistema": {
        "boot_time": "2025-11-11T11:24:49.080477",
        "uptime_horas": 8.36,
        "nome_so": "nt"
    },
    "processos_top10": [
        {
            "pid": 0,
            "nome": "System Idle Process",
            "cpu_percent": 0.0,
            "memory_percent": 9.736520031429486e-05
        },
        {
            "pid": 4,
            "nome": "System",
            "cpu_percent": 0.0,
            "memory_percent": 0.014945558248244261
        },
        {
            "pid": 172,
            "nome": "Registry",
            "cpu_percent": 0.0,
            "memory_percent": 0.2876654843285842
        },
        {
            "pid": 644,
            "nome": "svchost.exe",
            "cpu_percent": 0.0,
            "memory_percent": 0.01825597505893029
        },
        {
            "pid": 676,
            "nome": "smss.exe",
            "cpu_percent": 0.0,
            "memory_percent": 4.868260015714743e-05
        },
        {
            "pid": 1052,
            "nome": "svchost.exe",
            "cpu_percent": 0.0,
            "memory_percent": 0.026824112686588235
        },
        {
            "pid": 1056,
            "nome": "Code.exe",
            "cpu_percent": 0.0,
            "memory_percent": 0.5679798960334391
        },
        {
            "pid": 1080,
            "nome": "svchost.exe",
            "cpu_percent": 0.0,
            "memory_percent": 0.022637409073073555
        },
        {
            "pid": 1088,
            "nome": "csrss.exe",
            "cpu_percent": 0.0,
            "memory_percent": 0.012268015239601153
        },
        {
            "pid": 1092,
            "nome": "svchost.exe",
            "cpu_percent": 0.0,
            "memory_percent": 0.0321305161037173
        }
    ]
}